{
  "timestamp": "20260208_035440",
  "num_samples": 10000,
  "features": [
    "capital_ratio",
    "leverage",
    "liquidity_ratio",
    "roa",
    "asset_quality",
    "network_centrality",
    "num_connections",
    "total_exposure",
    "max_single_exposure",
    "exposure_concentration",
    "market_stress_index",
    "interest_rate",
    "market_volatility",
    "past_defaults",
    "risk_appetite",
    "investment_volatility",
    "lender_capital_ratio",
    "lender_risk_appetite",
    "loan_amount",
    "default_prob",
    "cascade_risk",
    "defaulted_5_steps",
    "defaulted_10_steps",
    "cascade_triggered"
  ],
  "default_rate_5": 0.2523,
  "default_rate_10": 0.3282,
  "cascade_rate": 0.4808,
  "feature_stats": {
    "capital_ratio": {
      "count": 10000.0,
      "mean": 0.08369403184888292,
      "std": 0.03654670325495232,
      "min": 0.01,
      "25%": 0.05498947603641807,
      "50%": 0.07789832326123267,
      "75%": 0.10826173696522046,
      "max": 0.2355819447196416
    },
    "leverage": {
      "count": 10000.0,
      "mean": 12.657639851661585,
      "std": 5.423275554686345,
      "min": 1.0,
      "25%": 8.53824679327699,
      "50%": 11.549528013814308,
      "75%": 15.976368097512768,
      "max": 30.0
    },
    "liquidity_ratio": {
      "count": 10000.0,
      "mean": 0.17640303137383467,
      "std": 0.10808810824753609,
      "min": 0.01,
      "25%": 0.08988632748340887,
      "50%": 0.14770365941365476,
      "75%": 0.24886316782598242,
      "max": 0.5594474375675786
    },
    "roa": {
      "count": 10000.0,
      "mean": 0.009954292850239924,
      "std": 0.008007879324190488,
      "min": -0.01859131465144581,
      "25%": 0.004637627801722257,
      "50%": 0.00987100756796176,
      "75%": 0.01540141613658223,
      "max": 0.04153864808645349
    },
    "asset_quality": {
      "count": 10000.0,
      "mean": 0.80305031269153,
      "std": 0.1158718264056809,
      "min": 0.5,
      "25%": 0.7300655942328755,
      "50%": 0.8221397462513851,
      "75%": 0.8933800635090696,
      "max": 0.9995242880531626
    },
    "network_centrality": {
      "count": 10000.0,
      "mean": 0.28451774696479043,
      "std": 0.15854801883257447,
      "min": 0.0022188442710834137,
      "25%": 0.16002494421749844,
      "50%": 0.26494223502939274,
      "75%": 0.3866875422416967,
      "max": 0.9173800815542682
    },
    "num_connections": {
      "count": 10000.0,
      "mean": 5.0042,
      "std": 2.2307128833619085,
      "min": 0.0,
      "25%": 3.0,
      "50%": 5.0,
      "75%": 6.0,
      "max": 15.0
    },
    "total_exposure": {
      "count": 10000.0,
      "mean": 40.04577051648063,
      "std": 28.678271705656268,
      "min": 0.2955377767207449,
      "25%": 18.943188607772207,
      "50%": 33.24847364943339,
      "75%": 53.897877663801744,
      "max": 240.5380426608009
    },
    "max_single_exposure": {
      "count": 10000.0,
      "mean": 12.047445249290908,
      "std": 9.75940137315696,
      "min": 0.005592735995867478,
      "25%": 4.928589624331602,
      "50%": 9.523934471039997,
      "75%": 16.596818514317665,
      "max": 96.75113216380029
    },
    "exposure_concentration": {
      "count": 10000.0,
      "mean": 0.3009683374662967,
      "std": 0.13849809700947788,
      "min": 0.013369940029941742,
      "25%": 0.19621258142569167,
      "50%": 0.2867195719474156,
      "75%": 0.3909008285439153,
      "max": 0.8250455024397556
    },
    "market_stress_index": {
      "count": 10000.0,
      "mean": 0.45122682638248296,
      "std": 0.28401958752527917,
      "min": 0.0,
      "25%": 0.204959972756122,
      "50%": 0.3901985692853309,
      "75%": 0.6648302205010295,
      "max": 1.0
    },
    "interest_rate": {
      "count": 10000.0,
      "mean": 0.05031617379236907,
      "std": 0.019676674530810793,
      "min": 0.01,
      "25%": 0.03647078788048053,
      "50%": 0.050484562659435156,
      "75%": 0.06356331767736444,
      "max": 0.1253299395899419
    },
    "market_volatility": {
      "count": 10000.0,
      "mean": 0.032599381716374186,
      "std": 0.021747776583073062,
      "min": 0.005,
      "25%": 0.01799172486640645,
      "50%": 0.026433442042003083,
      "75%": 0.039078796141424246,
      "max": 0.1419527641250906
    },
    "past_defaults": {
      "count": 10000.0,
      "mean": 0.0592,
      "std": 0.27295202926710055,
      "min": 0.0,
      "25%": 0.0,
      "50%": 0.0,
      "75%": 0.0,
      "max": 2.0
    },
    "risk_appetite": {
      "count": 10000.0,
      "mean": 0.5015030042916571,
      "std": 0.15135986394700052,
      "min": 0.06267142288785617,
      "25%": 0.3918471936680925,
      "50%": 0.5015830312479916,
      "75%": 0.613747999446709,
      "max": 0.9197327019963373
    },
    "investment_volatility": {
      "count": 10000.0,
      "mean": 0.20160026603331066,
      "std": 0.12085769863159868,
      "min": 0.00023753826294654496,
      "25%": 0.10834358722351159,
      "50%": 0.18154698694739052,
      "75%": 0.27536466687449396,
      "max": 0.8152195899654412
    },
    "lender_capital_ratio": {
      "count": 10000.0,
      "mean": 0.1200326842211187,
      "std": 0.02972331558818029,
      "min": 0.05,
      "25%": 0.0995379243497009,
      "50%": 0.11985355088958238,
      "75%": 0.14030319475508496,
      "max": 0.22890538812440936
    },
    "lender_risk_appetite": {
      "count": 10000.0,
      "mean": 0.4996444860473469,
      "std": 0.15159619260317733,
      "min": 0.06653118657370106,
      "25%": 0.3908798257518596,
      "50%": 0.5001458643595924,
      "75%": 0.6096451287245257,
      "max": 0.950976052634012
    },
    "loan_amount": {
      "count": 10000.0,
      "mean": 15.178067310587064,
      "std": 8.735705628880693,
      "min": 0.5594114045401826,
      "25%": 8.770063309567776,
      "50%": 13.559267312112368,
      "75%": 19.793125591804944,
      "max": 68.33813498833587
    },
    "default_prob": {
      "count": 10000.0,
      "mean": 0.2546719010153094,
      "std": 0.25148530478951114,
      "min": 0.001750788103108085,
      "25%": 0.05312787247176988,
      "50%": 0.15708747129356412,
      "75%": 0.3983409823373542,
      "max": 0.9927017290816977
    },
    "cascade_risk": {
      "count": 10000.0,
      "mean": 0.4784888183260115,
      "std": 0.24289692236717017,
      "min": 0.06713662988981747,
      "25%": 0.2703053666620904,
      "50%": 0.4403062381665511,
      "75%": 0.674393037873154,
      "max": 0.999
    },
    "defaulted_5_steps": {
      "count": 10000.0,
      "mean": 0.2523,
      "std": 0.4343542061010066,
      "min": 0.0,
      "25%": 0.0,
      "50%": 0.0,
      "75%": 1.0,
      "max": 1.0
    },
    "defaulted_10_steps": {
      "count": 10000.0,
      "mean": 0.3282,
      "std": 0.46958152719316815,
      "min": 0.0,
      "25%": 0.0,
      "50%": 0.0,
      "75%": 1.0,
      "max": 1.0
    },
    "cascade_triggered": {
      "count": 10000.0,
      "mean": 0.4808,
      "std": 0.49965620743923844,
      "min": 0.0,
      "25%": 0.0,
      "50%": 0.0,
      "75%": 1.0,
      "max": 1.0
    }
  }
}